"","Project Number","Country Name.x","objectives","outcomes","Long.op.name"
"2","AR-L1326","Argentina","+Efectos indirectos de la pandemia sobre la salud mitigados","Capacidad de provisión de servicios mejorada","AR-L1326 - Immediate Public Health Response Project en the context of the COVID-19 Pandemic to contain, control and mitigate its effect in health service provision in Argentina"
"3","AR-L1326","Argentina","+Efectos indirectos de la pandemia sobre la salud mitigados","Detección y seguimiento de los casos mejorada","AR-L1326 - Immediate Public Health Response Project en the context of the COVID-19 Pandemic to contain, control and mitigate its effect in health service provision in Argentina"
"4","AR-L1326","Argentina","+Efectos indirectos de la pandemia sobre la salud mitigados","Esfuerzos para la interrupción de la cadena de transmisión de la enfermedad apoyados","AR-L1326 - Immediate Public Health Response Project en the context of the COVID-19 Pandemic to contain, control and mitigate its effect in health service provision in Argentina"
"5","AR-L1326","Argentina","+Efectos indirectos de la pandemia sobre la salud mitigados","Conducción de la respuesta a nivel del país fortalecida","AR-L1326 - Immediate Public Health Response Project en the context of the COVID-19 Pandemic to contain, control and mitigate its effect in health service provision in Argentina"
"6","AR-L1326","Argentina","+Reducción de la morbilidad y mortalidad por COVID-19","Capacidad de provisión de servicios mejorada","AR-L1326 - Immediate Public Health Response Project en the context of the COVID-19 Pandemic to contain, control and mitigate its effect in health service provision in Argentina"
"7","AR-L1326","Argentina","+Reducción de la morbilidad y mortalidad por COVID-19","Detección y seguimiento de los casos mejorada","AR-L1326 - Immediate Public Health Response Project en the context of the COVID-19 Pandemic to contain, control and mitigate its effect in health service provision in Argentina"
"8","AR-L1326","Argentina","+Reducción de la morbilidad y mortalidad por COVID-19","Esfuerzos para la interrupción de la cadena de transmisión de la enfermedad apoyados","AR-L1326 - Immediate Public Health Response Project en the context of the COVID-19 Pandemic to contain, control and mitigate its effect in health service provision in Argentina"
"9","AR-L1326","Argentina","+Reducción de la morbilidad y mortalidad por COVID-19","Conducción de la respuesta a nivel del país fortalecida","AR-L1326 - Immediate Public Health Response Project en the context of the COVID-19 Pandemic to contain, control and mitigate its effect in health service provision in Argentina"
"10","AR-L1340","Argentina","+Mejorar la accesibilidad y la cobertura efectiva de los servicios públicos de salud para la población de la PBA","2. Mejorar la efectividad e integración de redes de servicios de salud","AR-L1340 - Program for Strengthening and Integration of Health Networks in the Province of Buenos Aires - PROFIR II"
"11","AR-L1340","Argentina","+Mejorar la accesibilidad y la cobertura efectiva de los servicios públicos de salud para la población de la PBA","3. Ampliar la capacidad prestacional para la prevención, detección y atención de COVID-19","AR-L1340 - Program for Strengthening and Integration of Health Networks in the Province of Buenos Aires - PROFIR II"
"12","AR-L1340","Argentina","+Mejorar la accesibilidad y la cobertura efectiva de los servicios públicos de salud para la población de la PBA","1. Mejorar la accesibilidad y resolutividad de los servicios públicos de salud del primer nivel de atención","AR-L1340 - Program for Strengthening and Integration of Health Networks in the Province of Buenos Aires - PROFIR II"
"13","AR-L1358","Argentina","+Contribuir a la reducción de la mortalidad prematura y al cierre de brechas entre jurisdicciones argentinas en las líneas de cuidado priorizadas.","1. Incrementar el acceso efectivo a servicios de diagnóstico y atención por parte de la Población con Cobertura Pública Exclusiva (PCPE) en las líneas de cuidado priorizadas","AR-L1358 - First Individual Operation of the Program for the Integration of the Argentine Health System"
"14","BH-L1053","Bahamas","+To support the strengthening of The Bahamas health system to meet the population’s health needs","To integrate primary and secondary care services that DPH, PHA, NHIA deliver","BH-L1053 - Programme to Support the Health System Strengthening of The Bahamas"
"15","BH-L1053","Bahamas","+To support the strengthening of The Bahamas health system to meet the population’s health needs","To increase health services efficiency","BH-L1053 - Programme to Support the Health System Strengthening of The Bahamas"
"16","BH-L1053","Bahamas","+To support the strengthening of The Bahamas health system to meet the population’s health needs","To improve access, coverage, and quality of community, ambulatory, and hospital services through a person and community centered model of care","BH-L1053 - Programme to Support the Health System Strengthening of The Bahamas"
"17","BL-L1036","Belize","+Contribute to the reduction of the morbidity and mortality caused by COVID-19 and to mitigate other indirect impacts of the pandemic","Supporting initiatives to break the chain of transmission of the illness","BL-L1036 - Program to Support the Health Sector to Contain and Control Coronavirus and to Mitigate its Effect on Service Provision"
"18","BO-L1067","Bolivia","+Mortalidad materno infantil en el Departamento de Potosi reducida","Acceso a servicios de salud de calidad en el Departamento de Potosi mejorado","BO-L1067 - Strengthening of Integrated Health Networks in the Department of Potosi"
"19","BO-L1078","Bolivia","+Reducción de la mortalidad materno - infantil en las redes de atención en salud en los Departamentos de La Paz y Potosí","Redes de atención de salud fortalecidas a través de la implementación de norma de referencia y retorno","BO-L1078 - Improved access to health services in Bolivia"
"20","BO-L1078","Bolivia","+Reducción de la mortalidad materno - infantil en las redes de atención en salud en los Departamentos de La Paz y Potosí","Acceso/utilización de servicos hospitalarios incrementado","BO-L1078 - Improved access to health services in Bolivia"
"21","BO-L1078","Bolivia","+Reducción de la mortalidad materno - infantil en las redes de atención en salud en los Departamentos de La Paz y Potosí","Estándar nacional de eficiencia de producción de servicios (egresos) cumplido","BO-L1078 - Improved access to health services in Bolivia"
"22","BO-L1082","Bolivia","+Reducción de la mortalidad: i) neonatal; ii) materna; y ii) por cáncer cervico-uterino en El Alto","Utilización de los servicios hospitalarios en el Municipio de El Alto incrementada","BO-L1082 - Improved Access to Health Services El Alto Bolivia"
"23","BO-L1082","Bolivia","+Reducción de la mortalidad: i) neonatal; ii) materna; y ii) por cáncer cervico-uterino en El Alto","Capacidad de resolución en atención de salud materno-infantil y CaCU (Cáncer Cérvico - Uterino) en el Municipio de El Alto mejorada","BO-L1082 - Improved Access to Health Services El Alto Bolivia"
"24","BO-L1198","Bolivia","+Morbi-mortalidad materna y neonatal reducida","1. Calidad y Accesibilidad de los cuidados obstétricos, neonatales y de la Planificación Familiar, incrementada","BO-L1198 - Program to improve accessibility to maternal and Neonatal health services in Bolivia"
"25","BO-L1198","Bolivia","+Morbi-mortalidad materna y neonatal reducida","3. Capacidad de gestión y eficiencia de las redes y establecimientos de salud, incrementadas","BO-L1198 - Program to improve accessibility to maternal and Neonatal health services in Bolivia"
"26","BO-L1198","Bolivia","+Morbi-mortalidad materna y neonatal reducida","2. Capacidad resolutiva de la red de servicios de salud, incrementada","BO-L1198 - Program to improve accessibility to maternal and Neonatal health services in Bolivia"
"29","BR-L1376","Brazil","+Condições de Saúde da População do Estado de São Paulo melhoradas","Serviços de Saúde seguindo o modelo de redes estruturados","BR-L1376 - Strengthening health management in the State of São Paulo"
"31","BR-L1389","Brazil","+Condições de Saúde da População do Estado da Bahia melhoradas","Melhorar a oferta e a qualidade dos serviços de saúde reduzindo os déficits na atenção primária e consolidando a APS como porta de entrada coordenada e organizadora da atenção.","BR-L1389 - Strengthening the Unified Health System in Salvador"
"32","BR-L1389","Brazil","+Condições de Saúde da População do Estado da Bahia melhoradas","Melhorar a gestão do SUS na RMS, a fim de fortalecer o rol estratégico da SESAB e através do desenvolvimento de um modelo de atenção integrada em rede.","BR-L1389 - Strengthening the Unified Health System in Salvador"
"33","BR-L1408","Brazil","+Contribuir para a melhoria das condições de saúde da população do Ceará.","Acesso e qualidade dos serviços de saúde aumentados.","BR-L1408 - Program for the Expansion and Improvement of Specialized Health Care in the Stat"
"34","BR-L1408","Brazil","+Contribuir para a melhoria das condições de saúde da população do Ceará.","Desempenho do sistema de saúde melhorado.","BR-L1408 - Program for the Expansion and Improvement of Specialized Health Care in the Stat"
"35","BR-L1414","Brazil","+Comportamientos de riesgo de la poblacion entre 15 y 29 años de edad en la ciudad de Fortaleza reducidos.","Redes integradas de servicios de salud y de inclusión social para la juventud en Fortaleza consolidada y expandida.","BR-L1414 - Program for Strengthening Social Inclusion and Healthcare Networks ¿ PROREDES Fo"
"36","BR-L1414","Brazil","+Comportamientos de riesgo de la poblacion entre 15 y 29 años de edad en la ciudad de Fortaleza reducidos.","Ampliar el acceso y la calidad de los servicios de salud de mediana complejidad, y mejorar su integración con la atención primaria, para mejorar el modelo de Redes de Atención a la Salud (RAS)","BR-L1414 - Program for Strengthening Social Inclusion and Healthcare Networks ¿ PROREDES Fo"
"37","BR-L1414","Brazil","+Comportamientos de riesgo de la poblacion entre 15 y 29 años de edad en la ciudad de Fortaleza reducidos.","Consolidar la oferta municipal de actividades formativas, culturales, deportivas y de prevención de conductas de riesgo para la población joven de Fortaleza","BR-L1414 - Program for Strengthening Social Inclusion and Healthcare Networks ¿ PROREDES Fo"
"38","BR-L1414","Brazil","+Contribuir a mejorar las condiciones de salud de la población general y reducir las conductas de riesgo de jóvenes vulnerables del Municipio de Fortaleza (MF).","Redes integradas de servicios de salud y de inclusión social para la juventud en Fortaleza consolidada y expandida.","BR-L1414 - Program for Strengthening Social Inclusion and Healthcare Networks ¿ PROREDES Fo"
"39","BR-L1414","Brazil","+Contribuir a mejorar las condiciones de salud de la población general y reducir las conductas de riesgo de jóvenes vulnerables del Municipio de Fortaleza (MF).","Ampliar el acceso y la calidad de los servicios de salud de mediana complejidad, y mejorar su integración con la atención primaria, para mejorar el modelo de Redes de Atención a la Salud (RAS)","BR-L1414 - Program for Strengthening Social Inclusion and Healthcare Networks ¿ PROREDES Fo"
"40","BR-L1414","Brazil","+Contribuir a mejorar las condiciones de salud de la población general y reducir las conductas de riesgo de jóvenes vulnerables del Municipio de Fortaleza (MF).","Consolidar la oferta municipal de actividades formativas, culturales, deportivas y de prevención de conductas de riesgo para la población joven de Fortaleza","BR-L1414 - Program for Strengthening Social Inclusion and Healthcare Networks ¿ PROREDES Fo"
"41","BR-L1415","Brazil","+Condições de Saúde da população de SBC melhoradas","Indicadores de resultado final","BR-L1415 - Strengthening Unified Health System in São Bernardo do Campo"
"42","BR-L1415","Brazil","+Condições de Saúde da população de SBC melhoradas","Indicadores de Resultados Intermediários","BR-L1415 - Strengthening Unified Health System in São Bernardo do Campo"
"43","BR-L1429","Brazil","+Tasas mejoradas","Tiempos de permanencia en los hospitales mejorado","BR-L1429 - CITY OF SÃO PAULO HEALTH CARE NETWORKS RESTRUCTURING AND QUALITY CERTIFICATION PROJECT – AVANÇA SAÚDE SP"
"44","BR-L1518","Brazil","+Contribuir para a melhoria das condições de saúde da população da Paraíba","Contribuir para a melhoria das condições de saúde da população da Paraíba através da consolidação das Redes de Atenção à Saúde (RAS) e do fortalecimento das capacidades de gestão estadual da saúde.","BR-L1518 - Program to Strengthen the Care Model in the Paraiba Health Network"
"45","BR-L1518","Brazil","+Contribuir a mejorar las condiciones de salud de la población de Paraíba","Contribuir para a melhoria das condições de saúde da população da Paraíba através da consolidação das Redes de Atenção à Saúde (RAS) e do fortalecimento das capacidades de gestão estadual da saúde.","BR-L1518 - Program to Strengthen the Care Model in the Paraiba Health Network"
"46","BR-L1519","Brazil","+Contribuir para mejorar la salud de la población del Municipio de Belo Horizonte","Melhoria da qualidade e eficiencia dos serviços de saúde","BR-L1519 - Modernization and Quality Improvement of Health Services Networks in Belo Horizonte - BetterHealth-BH"
"47","BR-L1519","Brazil","+Contribuir para mejorar la salud de la población del Municipio de Belo Horizonte","Ampliação do acesso aos serviços de saúde","BR-L1519 - Modernization and Quality Improvement of Health Services Networks in Belo Horizonte - BetterHealth-BH"
"48","BR-L1519","Brazil","+Contribuir para melhorar a saúde da população do Município de Belo Horizonte","Melhoria da qualidade e eficiencia dos serviços de saúde","BR-L1519 - Modernization and Quality Improvement of Health Services Networks in Belo Horizonte - BetterHealth-BH"
"49","BR-L1519","Brazil","+Contribuir para melhorar a saúde da população do Município de Belo Horizonte","Ampliação do acesso aos serviços de saúde","BR-L1519 - Modernization and Quality Improvement of Health Services Networks in Belo Horizonte - BetterHealth-BH"
"50","BR-L1583","Brazil","+Mejorar la salud de la población del Estado de Sergipe.","Objetivo específico de desarrollo 1: Ampliar el acceso y la calidad de los servicios de salud del Estado de Sergipe.","BR-L1583 - Health Care and Social Inclusion Networks Strengthening Program - PROREDES Sergipe"
"51","BR-L1583","Brazil","+Mejorar la salud de la población del Estado de Sergipe.","Objetivo específico de desarrollo 2: Modernizar los procesos de gestión y asistenciales, a través de una transformación digital.","BR-L1583 - Health Care and Social Inclusion Networks Strengthening Program - PROREDES Sergipe"
"52","BR-L1606","Brazil","+Objetivo general de desarrollo: mejorar las condiciones de salud de la población de Ourinhos, mediante la ampliación del acceso y la mejora de la calidad de los servicios de salud","Objetivo específico de desarrollo 1: ampliar el acceso y la efectividad de los servicios de salud.","BR-L1606 - Program for Modernization and Quality Improvement of the Health System in Ourinhos - SP"
"53","BR-L1606","Brazil","+Objetivo general de desarrollo: mejorar las condiciones de salud de la población de Ourinhos, mediante la ampliación del acceso y la mejora de la calidad de los servicios de salud","Objetivo específico de desarrollo 2: ampliar la capacidad de gestión de la Secretaría Municipal de Salud.","BR-L1606 - Program for Modernization and Quality Improvement of the Health System in Ourinhos - SP"
"54","CO-L1248","Colombia","+Mejorar la sostenibilidad del SGSSS con el fin de preservar los logros obtenidos en materia de cobertura, equidad y protección financiera, así como mejorar la salud de la población","Mejorar la gestión en servicios y tecnologías no financiadas con la UPC","CO-L1248 - Program to improve sustainability of the health system in Colombia with an inclusive approach."
"55","CO-L1248","Colombia","+Mejorar la sostenibilidad del SGSSS con el fin de preservar los logros obtenidos en materia de cobertura, equidad y protección financiera, así como mejorar la salud de la población","Mejorar la cobertura de afiliación de la población inmigrante","CO-L1248 - Program to improve sustainability of the health system in Colombia with an inclusive approach."
"56","CO-L1248","Colombia","+Mejorar la sostenibilidad del SGSSS con el fin de preservar los logros obtenidos en materia de cobertura, equidad y protección financiera, así como mejorar la salud de la población","Mejorar la eficiencia y cobertura del SGSSS","CO-L1248 - Program to improve sustainability of the health system in Colombia with an inclusive approach."
"57","DR-L1067","Dominican Republic","+Acceso de la población pobre a los servicios de salud mejorado y morbi-mortalidad materna e infantil disminuida","Contribuir a la disminución de la morbi-mortalidad materna e infantil mediante la expansión de una estrategia de mejoras gerenciales en los servicios de salud de segundo y tercer nivel","DR-L1067 - Strengthening of the Management for Results of the Sector Health in Dominican Re"
"58","DR-L1067","Dominican Republic","+Acceso de la población pobre a los servicios de salud mejorado y morbi-mortalidad materna e infantil disminuida","Mejorar la asignación del gasto en salud mediante la expansión del FBR, con especial énfasis en el primer nivel de atención","DR-L1067 - Strengthening of the Management for Results of the Sector Health in Dominican Re"
"59","DR-L1069","Dominican Republic","+Mejorar la cobertura, la calidad y el acceso de los servicios de salud para la población más vulnerable de República Dominicana (RD).","Incrementar la eficiencia y la efectividad del gasto en salud","DR-L1069 - Program to Support Strengthening of Health Sector Management"
"60","DR-L1069","Dominican Republic","+Mejorar la cobertura, la calidad y el acceso de los servicios de salud para la población más vulnerable de República Dominicana (RD).","Mejorar la calidad de los servicios de salud destinados a la poblacion más vulnerable","DR-L1069 - Program to Support Strengthening of Health Sector Management"
"61","EC-L1270","Ecuador","+Contribuir a reducir la morbilidad y la mortalidad por COVID-19 y a mitigar los demás efectos indirectos de la pandemia sobre la salud y los niveles mínimos de calidad de vida de las personas vulnerables frente a la crisis causada por el COVID-19","Mejorar la capacidad de provisión de servicios de salud","EC-L1270 - Support to the provision of health and social protection services in the context of the pandemic of the coronavirus COVID-19"
"62","EC-L1270","Ecuador","+Contribuir a reducir la morbilidad y la mortalidad por COVID-19 y a mitigar los demás efectos indirectos de la pandemia sobre la salud y los niveles mínimos de calidad de vida de las personas vulnerables frente a la crisis causada por el COVID-19","Mejorar la detección y el seguimiento de los casos","EC-L1270 - Support to the provision of health and social protection services in the context of the pandemic of the coronavirus COVID-19"
"63","EC-L1270","Ecuador","+Contribuir a reducir la morbilidad y la mortalidad por COVID-19 y a mitigar los demás efectos indirectos de la pandemia sobre la salud y los niveles mínimos de calidad de vida de las personas vulnerables frente a la crisis causada por el COVID-19","Apoyar niveles mínimos de ingreso de personas afectadas por el coronavirus en el periodo inmediato","EC-L1270 - Support to the provision of health and social protection services in the context of the pandemic of the coronavirus COVID-19"
"64","ES-L1095","El Salvador","+Mejora de la salud de la población a través del fortalecimiento de la provisión de servicios de salud en todos los niveles de atención de la red y mejora de la eficiencia de la gestión de la red pública","Riesgos hospitalarios","ES-L1095 - Integrated Health Program II"
"65","ES-L1095","El Salvador","+Mejora de la salud de la población a través del fortalecimiento de la provisión de servicios de salud en todos los niveles de atención de la red y mejora de la eficiencia de la gestión de la red pública","Accesibilidad y abastecimiento de los servicios hospitalarios","ES-L1095 - Integrated Health Program II"
"66","ES-L1095","El Salvador","+Mejora de la salud de la población a través del fortalecimiento de la provisión de servicios de salud en todos los niveles de atención de la red y mejora de la eficiencia de la gestión de la red pública","Cumplimiento del marco regulatorio sanitario y ambiental por establecimientos de salud del Primer Nivel de Atención","ES-L1095 - Integrated Health Program II"
"67","ES-L1095","El Salvador","+Mejora de la salud de la población a través del fortalecimiento de la provisión de servicios de salud en todos los niveles de atención de la red y mejora de la eficiencia de la gestión de la red pública","Cobertura y oportunidad de acciones en el primer nivel","ES-L1095 - Integrated Health Program II"
"68","ES-L1095","El Salvador","+Mejora de la salud de la población a través del fortalecimiento de la provisión de servicios de salud en todos los niveles de atención de la red y mejora de la eficiencia de la gestión de la red pública","Funcionamiento de la red","ES-L1095 - Integrated Health Program II"
"69","ES-L1095","El Salvador","+Mejora de la salud de la población a través del fortalecimiento de la provisión de servicios de salud en todos los niveles de atención de la red y mejora de la eficiencia de la gestión de la red pública","Eficiencia hospitalaria y primer nivel","ES-L1095 - Integrated Health Program II"
"72","GU-L1163","Guatemala","+Tasa de Mortalidad Infantil Huehuetenango y San Marcos","Resultado 2: Calidad de servicio mejorada en Huehuetenango y San Marcos","GU-L1163 - Program to Strengthen the Institutional Healthcare Service Network (PRORISS)"
"73","GU-L1163","Guatemala","+Tasa de Mortalidad Infantil Huehuetenango y San Marcos","Resultado 1: Cobertura de servicios materno infantil mejorada en Huehuetenango y San Marcos","GU-L1163 - Program to Strengthen the Institutional Healthcare Service Network (PRORISS)"
"74","GU-L1163","Guatemala","+Tasa de Mortalidad Infantil Huehuetenango y San Marcos","Resultado 3: Eficiencia Productiva Mejorada","GU-L1163 - Program to Strengthen the Institutional Healthcare Service Network (PRORISS)"
"75","GU-L1163","Guatemala","+Razón de Mortalidad Materna Huehuetenango y San Marcos","Resultado 2: Calidad de servicio mejorada en Huehuetenango y San Marcos","GU-L1163 - Program to Strengthen the Institutional Healthcare Service Network (PRORISS)"
"76","GU-L1163","Guatemala","+Razón de Mortalidad Materna Huehuetenango y San Marcos","Resultado 1: Cobertura de servicios materno infantil mejorada en Huehuetenango y San Marcos","GU-L1163 - Program to Strengthen the Institutional Healthcare Service Network (PRORISS)"
"77","GU-L1163","Guatemala","+Razón de Mortalidad Materna Huehuetenango y San Marcos","Resultado 3: Eficiencia Productiva Mejorada","GU-L1163 - Program to Strengthen the Institutional Healthcare Service Network (PRORISS)"
"78","GY-L1058","Guyana","+Contribute to the reduction of maternal, perinatal, and neonatal deaths in Guyana by 2021","Increased access and use of reproductive, maternal, and neonatal health services","GY-L1058 - Support to Improve Maternal and Child Health"
"79","GY-L1058","Guyana","+Contribute to the reduction of maternal, perinatal, and neonatal deaths in Guyana by 2021","Increased effectiveness of the maternal and neonatal healthcare network","GY-L1058 - Support to Improve Maternal and Child Health"
"80","GY-L1058","Guyana","+Contribute to the reduction of maternal, perinatal, and neonatal deaths in Guyana by 2021","Improved quality of reproductive, maternal, and neonatal health services","GY-L1058 - Support to Improve Maternal and Child Health"
"81","GY-L1080","Guyana","+Improve the health of the Guyanese population through increased access, quality, and efficiency of health services","Improve health outcomes associated with low and high complexity procedures, by expanding the capacity of strategic hospitals","GY-L1080 - Health Care Network Strengthening in Guyana"
"82","GY-L1080","Guyana","+Improve the health of the Guyanese population through increased access, quality, and efficiency of health services","Increase the efficiency of the public health system, by strengthening key logistic, management, and support processes and inputs","GY-L1080 - Health Care Network Strengthening in Guyana"
"83","GY-L1080","Guyana","+Improve the health of the Guyanese population through increased access, quality, and efficiency of health services","Extend coverage of diagnostic, medical consultation, and patient management services, inclusive of the country’s hinterlands, through digital health","GY-L1080 - Health Care Network Strengthening in Guyana"
"86","HO-L1195","Honduras","+Reducción de la mortalidad materna neonatal","Incremento de la Cobertura de atención materno neonatal con enfoque de atención primaria","HO-L1195 - Program to improve the management and quality of maternal-neonatal health services"
"87","HO-L1195","Honduras","+Reducción de la mortalidad materna neonatal","Mejoramiento de la calidad de la atención hospitalaria de las complicaciones obstétricas neonatales","HO-L1195 - Program to improve the management and quality of maternal-neonatal health services"
"88","HO-L1199","Honduras","+Reducción de Lesiones de Causas externas","Apoyar intervenciones para interrumpir la cadena de transmisión de la enfermedad","HO-L1199 - COMPREHENSIVE STRENGTHENING OF TEGUCIGALPA’S TRAUMA AND EMERGENCY CARE NETWORK"
"89","HO-L1199","Honduras","+Reducción de Lesiones de Causas externas","Fortalecer la conducción de la respuesta a nivel del país","HO-L1199 - COMPREHENSIVE STRENGTHENING OF TEGUCIGALPA’S TRAUMA AND EMERGENCY CARE NETWORK"
"90","HO-L1199","Honduras","+Reducción de Lesiones de Causas externas","Mejorar la capacidad de prestación de servicios","HO-L1199 - COMPREHENSIVE STRENGTHENING OF TEGUCIGALPA’S TRAUMA AND EMERGENCY CARE NETWORK"
"91","HO-L1199","Honduras","+Reducción de Lesiones de Causas externas","Mejorar la detección y el seguimiento de los casos","HO-L1199 - COMPREHENSIVE STRENGTHENING OF TEGUCIGALPA’S TRAUMA AND EMERGENCY CARE NETWORK"
"92","HO-L1199","Honduras","+COVID","Apoyar intervenciones para interrumpir la cadena de transmisión de la enfermedad","HO-L1199 - COMPREHENSIVE STRENGTHENING OF TEGUCIGALPA’S TRAUMA AND EMERGENCY CARE NETWORK"
"93","HO-L1199","Honduras","+COVID","Fortalecer la conducción de la respuesta a nivel del país","HO-L1199 - COMPREHENSIVE STRENGTHENING OF TEGUCIGALPA’S TRAUMA AND EMERGENCY CARE NETWORK"
"94","HO-L1199","Honduras","+COVID","Mejorar la capacidad de prestación de servicios","HO-L1199 - COMPREHENSIVE STRENGTHENING OF TEGUCIGALPA’S TRAUMA AND EMERGENCY CARE NETWORK"
"95","HO-L1199","Honduras","+COVID","Mejorar la detección y el seguimiento de los casos","HO-L1199 - COMPREHENSIVE STRENGTHENING OF TEGUCIGALPA’S TRAUMA AND EMERGENCY CARE NETWORK"
"96","JA-L1049","Jamaica","+To improve access to an upgraded and integrated primary and secondary health network in prioritized areas with an emphasis on chronic disease management to provide more efficient and higher quality care.","To provide more efficient and higher quality care for patients with chronic non-communicable diseases","JA-L1049 - Support for the Health Systems Strengthening for the Prevention and Care Management of Non-communicable Diseases Programme"
"97","JA-L1049","Jamaica","+To improve access to an upgraded and integrated primary and secondary health network in prioritized areas with an emphasis on chronic disease management to provide more efficient and higher quality care.","To strenghten comprehensive policies to prevent non-communicable (chronic) diseases risk factors","JA-L1049 - Support for the Health Systems Strengthening for the Prevention and Care Management of Non-communicable Diseases Programme"
"98","JA-L1049","Jamaica","+To improve access to an upgraded and integrated primary and secondary health network in prioritized areas with an emphasis on chronic disease management to provide more efficient and higher quality care.","To improve access to an upgraded and integrated primary and secondary health network in prioritized areas with an emphasis on chronic disease management","JA-L1049 - Support for the Health Systems Strengthening for the Prevention and Care Management of Non-communicable Diseases Programme"
"99","JA-L1049","Jamaica","+The Programme objective is to contribute to the improvement of the health of Jamaica's population by strengthening comprehensive policies for the prevention of NCD risk factors and an improved access to an upgraded and integrated primary and secondary health network in prioritized areas","To provide more efficient and higher quality care for patients with chronic non-communicable diseases","JA-L1049 - Support for the Health Systems Strengthening for the Prevention and Care Management of Non-communicable Diseases Programme"
"100","JA-L1049","Jamaica","+The Programme objective is to contribute to the improvement of the health of Jamaica's population by strengthening comprehensive policies for the prevention of NCD risk factors and an improved access to an upgraded and integrated primary and secondary health network in prioritized areas","To strenghten comprehensive policies to prevent non-communicable (chronic) diseases risk factors","JA-L1049 - Support for the Health Systems Strengthening for the Prevention and Care Management of Non-communicable Diseases Programme"
"101","JA-L1049","Jamaica","+The Programme objective is to contribute to the improvement of the health of Jamaica's population by strengthening comprehensive policies for the prevention of NCD risk factors and an improved access to an upgraded and integrated primary and secondary health network in prioritized areas","To improve access to an upgraded and integrated primary and secondary health network in prioritized areas with an emphasis on chronic disease management","JA-L1049 - Support for the Health Systems Strengthening for the Prevention and Care Management of Non-communicable Diseases Programme"
"102","JA-L1049","Jamaica","+To strenghten comprehensive policies for the prevention of non-communicable chronic diseases","To provide more efficient and higher quality care for patients with chronic non-communicable diseases","JA-L1049 - Support for the Health Systems Strengthening for the Prevention and Care Management of Non-communicable Diseases Programme"
"103","JA-L1049","Jamaica","+To strenghten comprehensive policies for the prevention of non-communicable chronic diseases","To strenghten comprehensive policies to prevent non-communicable (chronic) diseases risk factors","JA-L1049 - Support for the Health Systems Strengthening for the Prevention and Care Management of Non-communicable Diseases Programme"
"104","JA-L1049","Jamaica","+To strenghten comprehensive policies for the prevention of non-communicable chronic diseases","To improve access to an upgraded and integrated primary and secondary health network in prioritized areas with an emphasis on chronic disease management","JA-L1049 - Support for the Health Systems Strengthening for the Prevention and Care Management of Non-communicable Diseases Programme"
"111","NI-L1082","Nicaragua","+Acceso a servicios especializados en la Región Occidente","Indicadores de resultados finales de mejoramiento de la cobertura, calidad y eficiciencia de la atención en salud por la red de servicios","NI-L1082 - Modernization of Infrastructure and Management of Hospitals - Western Region"
"112","NI-L1082","Nicaragua","+Morbi-mortalidad en la Región Occidente","Indicadores de resultados finales de mejoramiento de la cobertura, calidad y eficiciencia de la atención en salud por la red de servicios","NI-L1082 - Modernization of Infrastructure and Management of Hospitals - Western Region"
"113","NI-L1095","Nicaragua","+Embarazos no deseados reducidos.","Cobertura de atención primaria a la niñez aumentada.","NI-L1095 - Community Health Program for Rural Municipios"
"114","NI-L1095","Nicaragua","+Embarazos no deseados reducidos.","Acceso a información y educación en salud y servicios para los adolescentes.","NI-L1095 - Community Health Program for Rural Municipios"
"115","NI-L1095","Nicaragua","+Embarazos no deseados reducidos.","Acceso a la salud sexual y reproductiva y maternidad segura mejorado.","NI-L1095 - Community Health Program for Rural Municipios"
"116","NI-L1095","Nicaragua","+Embarazos no deseados reducidos.","Asignación de personal de atención primaria para el área rural y red comunitaria ampliada.","NI-L1095 - Community Health Program for Rural Municipios"
"117","NI-L1095","Nicaragua","+Estado nutricional de los niños mejorado.","Cobertura de atención primaria a la niñez aumentada.","NI-L1095 - Community Health Program for Rural Municipios"
"118","NI-L1095","Nicaragua","+Estado nutricional de los niños mejorado.","Acceso a información y educación en salud y servicios para los adolescentes.","NI-L1095 - Community Health Program for Rural Municipios"
"119","NI-L1095","Nicaragua","+Estado nutricional de los niños mejorado.","Acceso a la salud sexual y reproductiva y maternidad segura mejorado.","NI-L1095 - Community Health Program for Rural Municipios"
"120","NI-L1095","Nicaragua","+Estado nutricional de los niños mejorado.","Asignación de personal de atención primaria para el área rural y red comunitaria ampliada.","NI-L1095 - Community Health Program for Rural Municipios"
"121","NI-L1095","Nicaragua","+Morbilidad severa en la niñez reducida.","Cobertura de atención primaria a la niñez aumentada.","NI-L1095 - Community Health Program for Rural Municipios"
"122","NI-L1095","Nicaragua","+Morbilidad severa en la niñez reducida.","Acceso a información y educación en salud y servicios para los adolescentes.","NI-L1095 - Community Health Program for Rural Municipios"
"123","NI-L1095","Nicaragua","+Morbilidad severa en la niñez reducida.","Acceso a la salud sexual y reproductiva y maternidad segura mejorado.","NI-L1095 - Community Health Program for Rural Municipios"
"124","NI-L1095","Nicaragua","+Morbilidad severa en la niñez reducida.","Asignación de personal de atención primaria para el área rural y red comunitaria ampliada.","NI-L1095 - Community Health Program for Rural Municipios"
"125","NI-L1095","Nicaragua","+Mortalidad materna reducida.","Cobertura de atención primaria a la niñez aumentada.","NI-L1095 - Community Health Program for Rural Municipios"
"126","NI-L1095","Nicaragua","+Mortalidad materna reducida.","Acceso a información y educación en salud y servicios para los adolescentes.","NI-L1095 - Community Health Program for Rural Municipios"
"127","NI-L1095","Nicaragua","+Mortalidad materna reducida.","Acceso a la salud sexual y reproductiva y maternidad segura mejorado.","NI-L1095 - Community Health Program for Rural Municipios"
"128","NI-L1095","Nicaragua","+Mortalidad materna reducida.","Asignación de personal de atención primaria para el área rural y red comunitaria ampliada.","NI-L1095 - Community Health Program for Rural Municipios"
"129","NI-L1143","Nicaragua","+Reducción de la desnutrición crónica en menores de 5 años","Calidad de atención de la salud mejorada","NI-L1143 - Programa Multisectorial de Atención a Determinantes de la Salud en el Corredor Seco"
"130","NI-L1143","Nicaragua","+Reducción de la desnutrición crónica en menores de 5 años","Numero de casos de malaria reducidos","NI-L1143 - Programa Multisectorial de Atención a Determinantes de la Salud en el Corredor Seco"
"131","NI-L1143","Nicaragua","+Reducción de la desnutrición crónica en menores de 5 años","Gestión territorial de determinantes de la salud mejorada","NI-L1143 - Programa Multisectorial de Atención a Determinantes de la Salud en el Corredor Seco"
"132","NI-L1143","Nicaragua","+Mortalidad Materna e infantil reducidas","Calidad de atención de la salud mejorada","NI-L1143 - Programa Multisectorial de Atención a Determinantes de la Salud en el Corredor Seco"
"133","NI-L1143","Nicaragua","+Mortalidad Materna e infantil reducidas","Numero de casos de malaria reducidos","NI-L1143 - Programa Multisectorial de Atención a Determinantes de la Salud en el Corredor Seco"
"134","NI-L1143","Nicaragua","+Mortalidad Materna e infantil reducidas","Gestión territorial de determinantes de la salud mejorada","NI-L1143 - Programa Multisectorial de Atención a Determinantes de la Salud en el Corredor Seco"
"135","NI-L1143","Nicaragua","+Mortalidad por enfermedades crónicas no transmisibles reducida","Calidad de atención de la salud mejorada","NI-L1143 - Programa Multisectorial de Atención a Determinantes de la Salud en el Corredor Seco"
"136","NI-L1143","Nicaragua","+Mortalidad por enfermedades crónicas no transmisibles reducida","Numero de casos de malaria reducidos","NI-L1143 - Programa Multisectorial de Atención a Determinantes de la Salud en el Corredor Seco"
"137","NI-L1143","Nicaragua","+Mortalidad por enfermedades crónicas no transmisibles reducida","Gestión territorial de determinantes de la salud mejorada","NI-L1143 - Programa Multisectorial de Atención a Determinantes de la Salud en el Corredor Seco"
"138","NI-L1143","Nicaragua","+Reducción de la prevalencia de malaria.","Calidad de atención de la salud mejorada","NI-L1143 - Programa Multisectorial de Atención a Determinantes de la Salud en el Corredor Seco"
"139","NI-L1143","Nicaragua","+Reducción de la prevalencia de malaria.","Numero de casos de malaria reducidos","NI-L1143 - Programa Multisectorial de Atención a Determinantes de la Salud en el Corredor Seco"
"140","NI-L1143","Nicaragua","+Reducción de la prevalencia de malaria.","Gestión territorial de determinantes de la salud mejorada","NI-L1143 - Programa Multisectorial de Atención a Determinantes de la Salud en el Corredor Seco"
"141","NI-L1161","Nicaragua","+Objetivo General : Contribuir a reducir la morbilidad y la mortalidad por COVID-19 y a mitigar los demás efectos indirectos de la pandemia sobre la salud de la población nicaragüense con énfasis en los más vulnerables.","OBJETIVO ESPECÍFICO 2: Apoyar esfuerzos para la interrupción de la cadena de transmisión de la enfermedad3","NI-L1161 - Immediate Response of Public Health to Contain and Control Coronavirus and Mitigate its Effect on the Provision of the Service in Nicaragua"
"142","NI-L1161","Nicaragua","+Objetivo General : Contribuir a reducir la morbilidad y la mortalidad por COVID-19 y a mitigar los demás efectos indirectos de la pandemia sobre la salud de la población nicaragüense con énfasis en los más vulnerables.","OBJETIVO ESPECÍFICO 1: Mejorar la detección y el seguimiento de los casos","NI-L1161 - Immediate Response of Public Health to Contain and Control Coronavirus and Mitigate its Effect on the Provision of the Service in Nicaragua"
"143","NI-L1161","Nicaragua","+Objetivo General : Contribuir a reducir la morbilidad y la mortalidad por COVID-19 y a mitigar los demás efectos indirectos de la pandemia sobre la salud de la población nicaragüense con énfasis en los más vulnerables.","OBJETIVO ESPECÍFICO 3: Mejorar la capacidad de provisión de servicios","NI-L1161 - Immediate Response of Public Health to Contain and Control Coronavirus and Mitigate its Effect on the Provision of the Service in Nicaragua"
"144","PE-L1228","Peru","+Calidad de los servicios en el primer nivel de atención mejorada","Capacidades de oferta de servicios de salud mejoradas","PE-L1228 - Program to Create Integrated Health Networks"
"145","PN-L1115","Panama","+Contribuir a la reducción de la mortalidad infantil a través de una mayor cobertura y calidad de los servicios de salud","Contribuir al mejoramiento de las condiciones de salud y nutrición de la población en situación de pobreza y pobreza extrema","PN-L1115 - Integrated Health Service Networks Strengthening Program"
"146","PN-L1115","Panama","+Contribuir a la reducción de la mortalidad materna a través de una mayor cobertura y calidad de los servicios de salud","Contribuir al mejoramiento de las condiciones de salud y nutrición de la población en situación de pobreza y pobreza extrema","PN-L1115 - Integrated Health Service Networks Strengthening Program"
"147","PN-L1115","Panama","+Contribuir a la reducción de las enfermedades no transmisibles a través de una mayor cobertura y calidad de los servicios de salud","Contribuir al mejoramiento de las condiciones de salud y nutrición de la población en situación de pobreza y pobreza extrema","PN-L1115 - Integrated Health Service Networks Strengthening Program"
"148","PN-L1115","Panama","+Mejorar las condiciones de salud y nutrición de la población en situación de pobreza y pobreza extrema","Contribuir al mejoramiento de las condiciones de salud y nutrición de la población en situación de pobreza y pobreza extrema","PN-L1115 - Integrated Health Service Networks Strengthening Program"
"149","PR-L1167","Paraguay","+Contribuir a la mejora de las condiciones de salud de la población más vulnerable de Paraguay, a través del fortalecimiento de las RIISS basadas en Atención Primaria de Salud (APS).","Nivel de RS a ser intervenidas (promedio entre Concepción, San Pedro, Caazapá, Alto Paraná)","PR-L1167 - Program to Strengthen Integrated and Comprehensive Health Services Networks based on Primary Health Care"
"150","PR-L1190","Paraguay","+Mejorar el estado de salud de la población priorizada por medio de la extensión de la accesibilidad y cobertura efectiva de servicios de salud de calidad","Incrementar la eficiencia y calidad de los procesos asistenciales","PR-L1190 - Strengthening of the San Estanislao Hospital Services Network"
"151","PR-L1190","Paraguay","+Mejorar el estado de salud de la población priorizada por medio de la extensión de la accesibilidad y cobertura efectiva de servicios de salud de calidad","Aumentar la capacidad resolutiva de la oferta de servicios de salud de segundo y tercer nivel (cobertura/acceso)","PR-L1190 - Strengthening of the San Estanislao Hospital Services Network"
"152","SU-L1054","Suriname","+Reduction of burden of disease in Suriname","Access to priority CD preventive services for targeted population increased","SU-L1054 - Health Services Improvement Project"
"153","SU-L1054","Suriname","+Reduction of burden of disease in Suriname","Effectiveness of health sector enhanced to address priority epidemiological challenges","SU-L1054 - Health Services Improvement Project"
"154","TT-L1039","Trinidad and Tobago","+Lifestyle diseases management among adults improved","Improving management of Non-Communicable Diseases (NCD) risk factors through expanded screening and treatment of NCDs.","TT-L1039 - Health Services Support Program"
"155","TT-L1039","Trinidad and Tobago","+Lifestyle diseases management among adults improved","Expanding obesity prevention programmes through physical activity and nutrition interventions.","TT-L1039 - Health Services Support Program"
"156","TT-L1039","Trinidad and Tobago","+Lifestyle diseases management among adults improved","Expanding service delivery through a modern Health Facilities Investment Management system.","TT-L1039 - Health Services Support Program"
"157","TT-L1039","Trinidad and Tobago","+Lifestyle diseases management among adults improved","Improving human resources for health management through enhanced Human Resources Leadership, Governance and Accountability","TT-L1039 - Health Services Support Program"
"158","TT-L1039","Trinidad and Tobago","+Lifestyle diseases management among adults improved","Improving service delivery through an electronic health records based Health Information Management Systems","TT-L1039 - Health Services Support Program"
"159","TT-L1039","Trinidad and Tobago","+Healthier weight status among primary school age children (5-13 years) achieved","Improving management of Non-Communicable Diseases (NCD) risk factors through expanded screening and treatment of NCDs.","TT-L1039 - Health Services Support Program"
"160","TT-L1039","Trinidad and Tobago","+Healthier weight status among primary school age children (5-13 years) achieved","Expanding obesity prevention programmes through physical activity and nutrition interventions.","TT-L1039 - Health Services Support Program"
"161","TT-L1039","Trinidad and Tobago","+Healthier weight status among primary school age children (5-13 years) achieved","Expanding service delivery through a modern Health Facilities Investment Management system.","TT-L1039 - Health Services Support Program"
"162","TT-L1039","Trinidad and Tobago","+Healthier weight status among primary school age children (5-13 years) achieved","Improving human resources for health management through enhanced Human Resources Leadership, Governance and Accountability","TT-L1039 - Health Services Support Program"
"163","TT-L1039","Trinidad and Tobago","+Healthier weight status among primary school age children (5-13 years) achieved","Improving service delivery through an electronic health records based Health Information Management Systems","TT-L1039 - Health Services Support Program"
"164","UR-L1161","Uruguay","+Mejorar la efectividad y eficiencia de la producción de servicios públicos de salud","Promover el uso de información asistencial y de recursos de ASSE al nivel de sus unidades asistenciales","UR-L1161 - Program to Strengthen the Management of ASSE"
